<?xml version="1.0" encoding="utf-8" ?>
<Defs>

  <!-- Adulthood -->

  <AlienRace.BackstoryDef>
    <defName>ZhthyhlHunter</defName>
    <title>hunter</title>
    <titleShort>hunter</titleShort>
    <baseDescription>[PAWN_nameDef] often moves about in the wilderness. Tracking [PAWN_possessive] pray and taming beasts.</baseDescription>

    <bodyTypeMale>Male</bodyTypeMale>
    <bodyTypeFemale>Female</bodyTypeFemale>

    <slot>Adulthood</slot>
    <skillGains>
      <li>
        <defName>Animals</defName>
        <amount>3</amount>
      </li>
      <li>
        <defName>Shooting</defName>
        <amount>3</amount>
      </li>
    </skillGains>
    <forcedTraits>
      <li>
        <defName>Nimble</defName>
        <chance>5</chance>
      </li>
    </forcedTraits>
    <spawnCategories>
      <li>Zhthyhl</li>
    </spawnCategories>
    <requiredWorkTags>
      <li>Violent</li>
      <li>Animals</li>
    </requiredWorkTags>
  </AlienRace.BackstoryDef>

  <AlienRace.BackstoryDef>
    <defName>ZhthyhlRaider</defName>
    <title>raider</title>
    <titleShort>raider</titleShort>
    <baseDescription>[PAWN_nameDef] is often part of raids, launched by the Zhthy'hl against nearby settlements and camps.</baseDescription>

    <bodyTypeMale>Male</bodyTypeMale>
    <bodyTypeFemale>Female</bodyTypeFemale>

    <slot>Adulthood</slot>
    <skillGains>
      <li>
        <defName>Melee</defName>
        <amount>2</amount>
      </li>
      <li>
        <defName>Shooting</defName>
        <amount>2</amount>
      </li>
    </skillGains>
    <forcedTraits>
      <li>
        <defName>Nimble</defName>
        <chance>5</chance>
      </li>
      <li>
        <defName>Tough</defName>
        <chance>5</chance>
      </li>
    </forcedTraits>
    <workDisables>
      <li>Caring</li>
    </workDisables>
    <spawnCategories>
      <li>Zhthyhl</li>
    </spawnCategories>
    <requiredWorkTags>
      <li>Violent</li>
    </requiredWorkTags>
  </AlienRace.BackstoryDef>

  <AlienRace.BackstoryDef>
    <defName>ZhthyhlGrunt</defName>
    <title>grunt</title>
    <titleShort>grunt</titleShort>
    <baseDescription>[PAWN_nameDef] is the average lesser daemon.</baseDescription>

    <bodyTypeMale>Male</bodyTypeMale>
    <bodyTypeFemale>Female</bodyTypeFemale>

    <slot>Adulthood</slot>
    <skillGains>
      <li>
        <defName>Melee</defName>
        <amount>3</amount>
      </li>
    </skillGains>
    <spawnCategories>
      <li>Zhthyhl</li>
    </spawnCategories>
    <requiredWorkTags>
      <li>Violent</li>
    </requiredWorkTags>
  </AlienRace.BackstoryDef>

  <AlienRace.BackstoryDef>
    <defName>ZhthyhlDredge</defName>
    <title>dredge</title>
    <titleShort>dredge</titleShort>
    <baseDescription>[PAWN_nameDef] lives on scraps.</baseDescription>

    <bodyTypeMale>Male</bodyTypeMale>
    <bodyTypeFemale>Female</bodyTypeFemale>

    <slot>Adulthood</slot>
    <skillGains>
      <li>
        <defName>Melee</defName>
        <amount>3</amount>
      </li>
    </skillGains>
    <spawnCategories>
      <li>Zhthyhl</li>
    </spawnCategories>
    <workDisables>
      <li>ManualSkilled</li>
    </workDisables>
  </AlienRace.BackstoryDef>

  <!-- Childhood -->

  <AlienRace.BackstoryDef>
    <defName>ZhthyhlChild</defName>
    <title>lesser daemon</title>
    <titleShort>daemon</titleShort>
    <baseDescription>[PAWN_nameDef] came into being as a lesser daemon.</baseDescription>

    <bodyTypeMale>Male</bodyTypeMale>
    <bodyTypeFemale>Female</bodyTypeFemale>

    <slot>Childhood</slot>
    <skillGains>
      <li>
        <defName>Artistic</defName>
        <amount>-2</amount>
      </li>
      <li>
        <defName>Social</defName>
        <amount>-2</amount>
      </li>
      <li>
        <defName>Melee</defName>
        <amount>1</amount>
      </li>
      <li>
        <defName>Medicine</defName>
        <amount>-2</amount>
      </li>
    </skillGains>
    <spawnCategories>
      <li>Zhthyhl</li>
    </spawnCategories>
    <requiredWorkTags>
      <li>Violent</li>
    </requiredWorkTags>
    <workDisables>
      <li>Intellectual</li>
    </workDisables>
  </AlienRace.BackstoryDef>

</Defs>
