﻿<?xml version="1.0" encoding="utf-8" ?>
<Defs>

  <ThoughtDef ParentName="DeathMemory">
    <defName>ZhthyhlKnowColonistDied</defName>
    <durationDays>6</durationDays>
    <stackLimit>5</stackLimit>
    <nullifyingTraits>
      <li>Psychopath</li>
      <li>Bloodlust</li>
    </nullifyingTraits>
    <stages>
      <li>
        <label>colonist died</label>
        <description>One of us has fallen.</description>
        <baseMoodEffect>-2</baseMoodEffect>
      </li>
    </stages>
  </ThoughtDef>

  <ThoughtDef ParentName="DeathMemory">
    <defName>ZhthyhlPawnWithGoodOpinionDied</defName>
    <durationDays>20</durationDays>
    <stackLimit>5</stackLimit>
    <stackLimitForSameOtherPawn>1</stackLimitForSameOtherPawn>
    <nullifyingTraits>
      <li>Psychopath</li>
    </nullifyingTraits>
    <stages>
      <li>
        <label>my friend {0} died</label>
        <description>RAGH!</description>
        <baseMoodEffect>-5</baseMoodEffect>
      </li>
    </stages>
  </ThoughtDef>

  <ThoughtDef ParentName="DeathMemory">
    <defName>ZhthyhlPawnWithBadOpinionDied</defName>
    <durationDays>10</durationDays>
    <stackLimit>5</stackLimit>
    <stackLimitForSameOtherPawn>1</stackLimitForSameOtherPawn>
    <stages>
      <li>
        <label>my rival {0} died</label>
        <description>Serves them right!</description>
        <baseMoodEffect>7</baseMoodEffect>
      </li>
    </stages>
  </ThoughtDef>

  <ThoughtDef ParentName="DeathMemoryFamily">
    <defName>ZhthyhlMySonDied</defName>
    <stages>
      <li>
        <label>my son {0} died</label>
        <description>Son is dead, weak!</description>
        <baseMoodEffect>-5</baseMoodEffect>
      </li>
    </stages>
  </ThoughtDef>
  
  <ThoughtDef ParentName="DeathMemoryFamily">
    <defName>ZhthyhlDaughterDied</defName>
    <stages>
      <li>
        <label>my daughter {0} died</label>
        <description>Daugher is dead, weak!</description>
        <baseMoodEffect>-5</baseMoodEffect>
      </li>
    </stages>
  </ThoughtDef>
  
  <ThoughtDef ParentName="DeathMemoryFamily">
    <defName>ZhthyhlMyHusbandDied</defName>
    <stages>
      <li>
        <label>my husband {0} died</label>
        <description>ARGH!</description>
        <baseMoodEffect>-10</baseMoodEffect>
      </li>
    </stages>
  </ThoughtDef>
  
  <ThoughtDef ParentName="DeathMemoryFamily">
    <defName>ZhthyhlMyWifeDied</defName>
    <stages>
      <li>
        <label>my wife {0} died</label>
        <description>ARGH!</description>
        <baseMoodEffect>-14</baseMoodEffect>
      </li>
    </stages>
  </ThoughtDef>
  
  <ThoughtDef ParentName="DeathMemoryFamily">
    <defName>ZhthyhlMyFianceDied</defName>
    <stages>
      <li>
        <label>my fiance {0} died</label>
        <description>ARGH!</description>
        <baseMoodEffect>-10</baseMoodEffect>
      </li>
    </stages>
  </ThoughtDef>
  
  <ThoughtDef ParentName="DeathMemoryFamily">
    <defName>ZhthyhlMyFianceeDied</defName>
    <stages>
      <li>
        <label>my fiancée {0} died</label>
        <description>ARGH!</description>
        <baseMoodEffect>-10</baseMoodEffect>
      </li>
    </stages>
  </ThoughtDef>
  
  <ThoughtDef ParentName="DeathMemoryFamily">
    <defName>ZhthyhlMyLoverDied</defName>
    <stages>
      <li>
        <label>my lover {0} died</label>
        <description>ARGH!</description>
        <baseMoodEffect>-7</baseMoodEffect>
      </li>
    </stages>
  </ThoughtDef>
  
  <ThoughtDef ParentName="DeathMemoryFamily">
    <defName>ZhthyhlMyKinDied</defName>
    <stages>
      <li>
        <label>my kin {0} died</label>
        <description>Weakness, disgust me!</description>
        <baseMoodEffect>-3</baseMoodEffect>
      </li>
    </stages>
  </ThoughtDef>

  <ThoughtDef>
    <defName>ZhthyhlGotMarried</defName>
    <durationDays>30.0</durationDays>
    <stackLimit>1</stackLimit>
    <stages>
      <li>
        <label>got married to {0}</label>
        <description>What a weird thing.</description>
        <baseMoodEffect>20</baseMoodEffect>
      </li>
    </stages>
  </ThoughtDef>

  <ThoughtDef>
    <defName>ZhthyhlAttendedWedding</defName>
    <durationDays>10.0</durationDays>
    <stackLimit>10</stackLimit>
    <stages>
      <li>
        <label>attended wedding</label>
        <description>Hmphf!</description>
        <baseMoodEffect>5</baseMoodEffect>
      </li>
    </stages>
  </ThoughtDef>

  <ThoughtDef>
    <defName>ZhthyhlAttendedParty</defName>
    <durationDays>10</durationDays>
    <stackLimit>10</stackLimit>
    <stages>
      <li>
        <label>attended party</label>
        <description>Hmphf!</description>
        <baseMoodEffect>1</baseMoodEffect>
      </li>
    </stages>
  </ThoughtDef>

  <ThoughtDef>
    <defName>ZhthyhlSleepDisturbed</defName>
    <icon>Things/Mote/ThoughtSymbol/SleepZ</icon>
    <showBubble>true</showBubble>
    <durationDays>1</durationDays>
    <stackLimit>3</stackLimit>
    <stackedEffectMultiplier>1</stackedEffectMultiplier>
    <stages>
      <li>
        <label>disturbed sleep</label>
        <description>ARGH! Stop your squirming!</description>
        <baseMoodEffect>-5</baseMoodEffect>
      </li>
    </stages>
  </ThoughtDef>

  <ThoughtDef>
    <defName>ZhthyhlMyOrganHarvested</defName>
    <durationDays>8</durationDays>
    <stackLimit>5</stackLimit>
    <stages>
      <li>
        <label>my organ harvested</label>
        <description>You will rue this!</description>
        <baseMoodEffect>-40</baseMoodEffect>
      </li>
    </stages>
  </ThoughtDef>

  <ThoughtDef>
    <defName>ZhthyhlWasImprisoned</defName>
    <durationDays>6</durationDays>
    <stackLimit>1</stackLimit>
    <stages>
      <li>
        <label>was imprisoned</label>
        <description>ARGH! You will see.</description>
        <baseMoodEffect>-15</baseMoodEffect>
      </li>
    </stages>
  </ThoughtDef>

  <ThoughtDef>
    <defName>ZhthyhlKnowBuriedInSarcophagus</defName>
    <durationDays>1</durationDays>
    <stackLimit>10</stackLimit>
    <stages>
      <li>
        <label>buried in sarcophagus</label>
        <description>Glorious!</description>
        <baseMoodEffect>7</baseMoodEffect>
      </li>
    </stages>
  </ThoughtDef>

  <ThoughtDef>
    <defName>ZhthyhlWitnessedDeathFamily</defName>
    <icon>Things/Mote/ThoughtSymbol/Skull</icon>
    <showBubble>true</showBubble>
    <durationDays>6</durationDays>
    <stackLimit>1</stackLimit>
    <nullifyingTraits>
      <li>Psychopath</li>
      <li>Bloodlust</li>
    </nullifyingTraits>
    <stages>
      <li>
        <label>witnessed family member's death</label>
        <description>Don't show such weakness.</description>
        <baseMoodEffect>-4</baseMoodEffect>
      </li>
    </stages>
  </ThoughtDef>


  <ThoughtDef>
    <defName>ZhthyhlDefeatedHostileFactionLeader</defName>
    <icon>Things/Mote/ThoughtSymbol/Skull</icon>
    <showBubble>true</showBubble>
    <durationDays>6</durationDays>
    <stackLimit>5</stackLimit>
    <stages>
      <li>
        <label>defeated hostile leader {0}</label>
        <description>ARGH! I am THE strongest!</description>
        <baseMoodEffect>15</baseMoodEffect>
      </li>
    </stages>
  </ThoughtDef>

  <ThoughtDef>
    <defName>ZhthyhlInsultedMood</defName>
    <durationDays>2</durationDays>
    <stackLimit>10</stackLimit>
    <stackedEffectMultiplier>0.9</stackedEffectMultiplier>
    <stages>
      <li>
        <label>insulted</label>
        <description>ARGH! I dare you!</description>
        <baseMoodEffect>-12</baseMoodEffect>
      </li>
    </stages>
  </ThoughtDef>

  <ThoughtDef>
    <defName>ZhthyhlKindWordsMood</defName>
    <durationDays>2</durationDays>
    <stackLimit>10</stackLimit>
    <stackedEffectMultiplier>0.9</stackedEffectMultiplier>
    <stages>
      <li>
        <label>kind words</label>
        <description>Hmphf!</description>
        <baseMoodEffect>5</baseMoodEffect>
      </li>
    </stages>
  </ThoughtDef>

  <ThoughtDef>
    <defName>ZhthyhlRebuffedMyRomanceAttemptMood</defName>
    <durationDays>3.0</durationDays>
    <stackLimit>5</stackLimit>
    <stackedEffectMultiplier>0.9</stackedEffectMultiplier>
    <stages>
      <li>
        <label>rebuffed by {0}</label>
        <description>How dare you!</description>
        <baseMoodEffect>-7</baseMoodEffect>
      </li>
    </stages>
  </ThoughtDef>

  <ThoughtDef>
    <defName>ZhthyhlFailedRomanceAttemptOnMeLowOpinionMood</defName>
    <durationDays>3.0</durationDays>
    <stackLimit>5</stackLimit>
    <stackedEffectMultiplier>0.9</stackedEffectMultiplier>
    <stages>
      <li>
        <label>had to rebuff {0}</label>
        <description>To weak!</description>
        <baseMoodEffect>-4</baseMoodEffect>
      </li>
    </stages>
  </ThoughtDef>

  <ThoughtDef>
    <defName>ZhthyhlBrokeUpWithMeMood</defName>
    <durationDays>25.0</durationDays>
    <stackLimit>5</stackLimit>
    <stages>
      <li>
        <label>broken up with by {0}</label>
        <description>ARGH!</description>
        <baseMoodEffect>-15</baseMoodEffect>
      </li>
    </stages>
  </ThoughtDef>

  <ThoughtDef>
    <defName>ZhthyhlCheatedOnMeMood</defName>
    <durationDays>25.0</durationDays>
    <stackLimit>10</stackLimit>
    <stages>
      <li>
        <label>cheated on by {0}</label>
        <description>You dare!</description>
        <baseMoodEffect>-25</baseMoodEffect>
      </li>
    </stages>
  </ThoughtDef>

  <ThoughtDef>
    <defName>ZhthyhlDivorcedMeMood</defName>
    <durationDays>30.0</durationDays>
    <stackLimit>10</stackLimit>
    <stages>
      <li>
        <label>divorced by {0}</label>
        <description>ARGH!</description>
        <baseMoodEffect>-16</baseMoodEffect>
      </li>
    </stages>
  </ThoughtDef>

  <ThoughtDef>
    <defName>ZhthyhlRejectedMyProposalMood</defName>
    <durationDays>25.0</durationDays>
    <stackLimit>5</stackLimit>
    <stackedEffectMultiplier>0.9</stackedEffectMultiplier>
    <stages>
      <li>
        <label>my proposal was rejected by {0}</label>
        <description>You! You!</description>
        <baseMoodEffect>-18</baseMoodEffect>
      </li>
    </stages>
  </ThoughtDef>
  
<ThoughtDef ParentName="LostMemory">
    <defName>ZhthyhlBondedAnimalLost</defName>
    <showBubble>true</showBubble>
    <durationDays>20</durationDays>
    <stackLimit>5</stackLimit>
    <stackLimitForSameOtherPawn>1</stackLimitForSameOtherPawn>
    <nullifyingTraits>
      <li>Psychopath</li>
    </nullifyingTraits>
    <stages>
      <li>
        <label>bonded animal {0} lost</label>
        <description>Raagh! Mine!</description>
        <baseMoodEffect>-8</baseMoodEffect>
      </li>
    </stages>
  </ThoughtDef>

</Defs>
