<?xml version="1.0" encoding="utf-8" ?>
<Defs>
  <!-- scenario -->

  <ScenarioDef>
    <defName>ZhthyhlScenario</defName>
    <label>Zhthy'hl faction</label>
    <description>A small group of Zhthy'hl looking to set up camp.</description>
    <scenario>
      <summary>Build your base with a handfull of Zhthy'hl, be ready for low tech and being hated.</summary>
      <playerFaction>
        <def>PlayerFaction</def>
        <factionDef>ZhthyhlPlayer</factionDef>
      </playerFaction>
      <parts>

        <!-- Config pages -->
        <li Class="ScenPart_ConfigPage_ConfigureStartingPawns">
          <def>ConfigPage_ConfigureStartingPawns</def>
          <pawnCount>3</pawnCount>
          <pawnChoiceCount>6</pawnChoiceCount>
        </li>

        <!-- Player starting stuff spawn method-->
        <li Class="ScenPart_PlayerPawnsArriveMethod">
          <def>PlayerPawnsArriveMethod</def>
          <method>Standing</method>
        </li>

        <!-- Player pawns modifiers -->
        <li Class="ScenPart_SetNeedLevel">
          <def>SetNeedLevel</def>
          <visible>false</visible>
          <context>PlayerStarter</context>
          <chance>1.0</chance>
          <need>Food</need>
          <levelRange>
            <min>0.7</min>
            <max>0.9</max>
          </levelRange>
        </li>
        <li Class="ScenPart_SetNeedLevel">
          <def>SetNeedLevel</def>
          <visible>false</visible>
          <context>PlayerStarter</context>
          <chance>1.0</chance>
          <need>Rest</need>
          <levelRange>
            <min>0.7</min>
            <max>0.9</max>
          </levelRange>
        </li>

        <!-- Player starting things -->
        <li Class="ScenPart_StartingThing_Defined">
          <def>StartingThing_Defined</def>
          <thingDef>Meat_Human</thingDef>
          <count>75</count>
        </li>
        <li Class="ScenPart_StartingAnimal">
          <def>StartingAnimal</def>
          <count>3</count>
          <animalKind>WildBoar</animalKind>
          <bondToRandomPlayerPawnChance>0</bondToRandomPlayerPawnChance>
        </li>

        <!-- Starting research -->

        <li Class="ScenPart_StartingResearch">
          <def>StartingResearch</def>
          <project>Stonecutting</project>
        </li>

        <li Class="ScenPart_StartingResearch">
          <def>StartingResearch</def>
          <project>Smithing</project>
        </li>

        <!-- Game start dialog -->
        <li Class="ScenPart_GameStartDialog">
          <def>GameStartDialog</def>
          <text>A handfull of you left the other Zhthyhl's, you are now on your own. Fight, build and prosper.</text>
          <closeSound>GameStartSting</closeSound>
        </li>
      </parts>
    </scenario>
  </ScenarioDef>

</Defs>