<?xml version="1.0" encoding="utf-8" ?>
<Defs>
    <AlienRace.RaceSettings>
        <defName>ZhthyhlRaceSettings</defName>
            <pawnKindSettings>
              <alienslavekinds>
                <li>
                  <kindDefs>
                    <li>ZhthyhlSpecial</li>
                  </kindDefs>
                  <chance>0.3</chance>
                </li>
              </alienslavekinds>
              <alienwandererkinds>
                <li>
                  <pawnKindEntries>
                    <li>
                      <kindDefs>
                        <li>ZhthyhlSpecial</li>
                      </kindDefs>
                      <chance>0.1</chance>
                    </li>
                  </pawnKindEntries>
                  <factionDefs>
                    <li>PlayerColony</li>
                    <li>PlayerTribe</li>
                  </factionDefs>
                </li>
              </alienwandererkinds>
            </pawnKindSettings>
    </AlienRace.RaceSettings>

  <AlienRace.RaceSettings>
    <defName>ZhthyhlRaceScenarioSettings</defName>
    <pawnKindSettings>
      <alienslavekinds>
        <li>
          <kindDefs>
            <li>ZhthyhlSpecial</li>
          </kindDefs>
          <chance>0.5</chance>
        </li>
      </alienslavekinds>
      <alienwandererkinds>
        <li>
          <pawnKindEntries>
            <li>
              <kindDefs>
                <li>ZhthyhlSpecial</li>
              </kindDefs>
              <chance>0.5</chance>
            </li>
          </pawnKindEntries>
          <factionDefs>
            <li>ZhthyhlPlayer</li>
          </factionDefs>
        </li>
      </alienwandererkinds>
    </pawnKindSettings>
  </AlienRace.RaceSettings>

  <alienrefugeekinds>
        <li>
            <kindDefs>
                <li>ZhthyhlSpecial</li>
            </kindDefs>
            <chance>0.1</chance>
        </li>
    </alienrefugeekinds>

</Defs>