<?xml version="1.0" encoding="utf-8" ?>
<Defs>

  <!-- Culture-specific content -->

  <RulePackDef>
    <defName>NamerDeityKTZhthyhl</defName>
    <include>
      <li MayRequire="Ludeon.RimWorld.Ideology">NamerDeityGlobal</li>
    </include>
    <rulePack>
      <rulesStrings>
        <li>name->[syl]</li>

        <li>syl->Skull Lord</li>
        <li>syl->Slaa</li>
        <li>syl->Khorne</li>
        <li>syl->Despoiler</li>
        <li>syl->Tzeentch</li>
        <li>syl->Changer of Ways</li>
        <li>syl->Fly Lord</li>
        <li>syl->Great Corruptor</li>
        <li>syl->Nurgle</li>
        <li>syl->Serpent </li>
        <li>syl->Necoho</li>
        <li>syl->Malal</li>
        <li>syl->Kweethul</li>
        <li>syl->Great Beast</li>
        <li>syl->Blood God</li>
        <li>syl->Brass Lord</li>
        <li>syl->Slaanesh</li>
        <li>syl->Zuvassin</li>

      </rulesStrings>
    </rulePack>
  </RulePackDef>


</Defs>