<?xml version="1.0" encoding="utf-8" ?>
<Defs>

  <ThingDef ParentName="BaseGunZhthyhl">
    <defName>Baalrukh_FireFist</defName>
    <label>flame of Baalrukh</label>
    <description>The flames of a Baalrukh. The flames explode in a small concentrated area.</description>
    <graphicData>
      <texPath>Things/Item/Weapon/BaalrukhFlame</texPath>
      <graphicClass>Graphic_Single</graphicClass>
    </graphicData>
    <statBases>
      <MarketValue>100</MarketValue>
      <Mass>0</Mass>
      <RangedWeapon_Cooldown>6</RangedWeapon_Cooldown>
    </statBases>
    <techLevel>Neolithic</techLevel>
    <menuHidden>True</menuHidden>
    <destroyOnDrop>true</destroyOnDrop>
    <generateCommonality>0.5</generateCommonality>
    <tradeability>None</tradeability>
    <weaponTags>
      <li>Baalrukh_Fire</li>
    </weaponTags>
    <verbs>
      <li>
        <verbClass>Verb_Shoot</verbClass>
        <hasStandardCommand>true</hasStandardCommand>
        <defaultProjectile>BaalrukhBullet_FireFist</defaultProjectile>
        <forcedMissRadius>3.5</forcedMissRadius>
        <ai_AvoidFriendlyFireRadius>2</ai_AvoidFriendlyFireRadius>
        <warmupTime>2</warmupTime>
        <range>18.9</range>
        <burstShotCount>2</burstShotCount>
        <soundCast>InfernoCannon_Fire</soundCast>
        <soundCastTail>GunTail_Light</soundCastTail>
        <muzzleFlashScale>0</muzzleFlashScale>
      </li>
    </verbs>
    <tools>
      <li>
        <label>fist</label>
        <capacities>
          <li>ZhthyhlFlameBlunt</li>
        </capacities>
        <power>18</power>
        <cooldownTime>2.8</cooldownTime>
      </li>
    </tools>
  </ThingDef>

  <ThingDef ParentName="BaseBullet">
    <defName>BaalrukhBullet_FireFist</defName>
    <label>Baalrukh fireball</label>
    <graphicData>
      <texPath>Things/Projectile/LauncherShot</texPath>
      <graphicClass>Graphic_Single</graphicClass>
      <shaderType>TransparentPostLight</shaderType>
      <drawSize>(2.5, 2.5)</drawSize>
    </graphicData>
    <thingClass>Projectile_Explosive</thingClass>
    <projectile>
      <speed>35</speed>
      <damageDef>ZhthyhlFireBall</damageDef>
      <explosionRadius>1.9</explosionRadius>
      <preExplosionSpawnChance>0.4</preExplosionSpawnChance>
      <ai_IsIncendiary>false</ai_IsIncendiary>
    </projectile>
  </ThingDef>

</Defs>
