<?xml version="1.0" encoding="utf-8" ?>
<Defs>

  <ThingDef Name="ApparelMakeableBaseZhthyhl" ParentName="ApparelBase" Abstract="True">
    <recipeMaker>
      <workSpeedStat>TailoringSpeed</workSpeedStat>
      <workSkill>Crafting</workSkill>
      <effectWorking>Tailor</effectWorking>
      <soundWorking>Recipe_Tailor</soundWorking>
      <recipeUsers>
        <li>CraftingSpot</li>
      </recipeUsers>
      <unfinishedThingDef>UnfinishedApparel</unfinishedThingDef>
      <defaultIngredientFilter>
        <categories>
          <li>Root</li>
        </categories>
        <disallowedThingDefs>
          <li>Gold</li>
          <li>Silver</li>
          <li>Plasteel</li>
          <li>Jade</li>
          <li>Uranium</li>
        </disallowedThingDefs>
      </defaultIngredientFilter>
    </recipeMaker>
  </ThingDef>

  <ThingDef ParentName="ApparelMakeableBaseZhthyhl">
    <defName>ZhthyhlTribal</defName>
    <label>ragged garments</label>
    <description>Ragged garments to cover your body with. Shabby, but usefull.</description>
    <graphicData>
      <texPath>Things/Item/Apparel/ZhthyhlClothTunic/ZhthyhlTunic</texPath>
      <graphicClass>Graphic_Single</graphicClass>
    </graphicData>
    <techLevel>Neolithic</techLevel>
    <costStuffCount>75</costStuffCount>
    <stuffCategories>
      <li>Fabric</li>
      <li>Leathery</li>
    </stuffCategories>
    <tradeability>Sellable</tradeability>
    <statBases>
      <MaxHitPoints>110</MaxHitPoints>
      <WorkToMake>2000</WorkToMake>
      <Mass>0.4</Mass>
      <StuffEffectMultiplierArmor>0.27</StuffEffectMultiplierArmor>
      <StuffEffectMultiplierInsulation_Cold>0.3</StuffEffectMultiplierInsulation_Cold>
      <StuffEffectMultiplierInsulation_Heat>0.4</StuffEffectMultiplierInsulation_Heat>
      <EquipDelay>1.5</EquipDelay>
    </statBases>
    <thingCategories>
      <li>Apparel</li>
    </thingCategories>
    <apparel>
      <bodyPartGroups>
        <li>Torso</li>
        <li>Legs</li>
      </bodyPartGroups>
      <wornGraphicPath>Things/Item/Apparel/ZhthyhlClothTunic/ZhthyhlTunic</wornGraphicPath>
      <layers>
        <li>OnSkin</li>
      </layers>
      <tags>
        <li>ZhthyhlLow</li>
        <li>ZhthyhlMid</li>
      </tags>
      <defaultOutfitTags>
        <li>Zhthyhl</li>
      </defaultOutfitTags>
    </apparel>
    <recipeMaker>
      <recipeUsers>
        <li>CraftingSpot</li>
      </recipeUsers>
    </recipeMaker>
    <colorGenerator Class="ColorGenerator_Options">
      <options>
        <li>
          <weight>10</weight>
          <only>(0.4,0.3,0.15)</only>
        </li>
        <li>
          <weight>15</weight>
          <only>(0.6,0.45,0.18)</only>
        </li>
        <li>
          <weight>20</weight>
          <only>(0.8,0.6,0.23)</only>
        </li>
      </options>
    </colorGenerator>
  </ThingDef>

  <ThingDef ParentName="ArmorSmithableBase">
    <defName>ZhthyhlMail</defName>
    <label>light plate</label>
    <description>Simple breastplate with simple guard. Not the best defence, but still allows for high mobility.</description>
    <recipeMaker>
      <unfinishedThingDef>UnfinishedMetallicTechArmor</unfinishedThingDef>
      <researchPrerequisite>PlateArmor</researchPrerequisite>
      <skillRequirements>
        <Crafting>6</Crafting>
      </skillRequirements>
    </recipeMaker>
    <graphicData>
      <texPath>Things/Item/Apparel/ZhthyhlMail/ZhthyhlMail</texPath>
      <graphicClass>Graphic_Single</graphicClass>
    </graphicData>
    <stuffCategories>
      <li>Metallic</li>
      <li>Woody</li>
    </stuffCategories>
    <costStuffCount>100</costStuffCount>
    <statBases>
      <WorkToMake>25000</WorkToMake>
      <MaxHitPoints>250</MaxHitPoints>
      <Mass>7</Mass>
      <StuffEffectMultiplierArmor>0.67</StuffEffectMultiplierArmor>
      <StuffEffectMultiplierInsulation_Cold>0.8</StuffEffectMultiplierInsulation_Cold>
      <StuffEffectMultiplierInsulation_Heat>0</StuffEffectMultiplierInsulation_Heat>
      <EquipDelay>7</EquipDelay>
    </statBases>
    <thingCategories>
      <li>Apparel</li>
    </thingCategories>
    <apparel>
      <bodyPartGroups>
        <li>Torso</li>
        <li>Neck</li>
        <li>Shoulders</li>
        <li>Arms</li>
        <li>Legs</li>
      </bodyPartGroups>
      <wornGraphicPath>Things/Item/Apparel/ZhthyhlMail/ZhthyhlMail</wornGraphicPath>
      <layers>
        <li>Middle</li>
        <li>Shell</li>
      </layers>
      <tags>
        <li>ZhthyhlMid</li>
      </tags>
      <defaultOutfitTags>
        <li>Zhthyhl</li>
      </defaultOutfitTags>
    </apparel>
    <colorGenerator Class="ColorGenerator_Options">
      <options>
        <li>
          <weight>10</weight>
          <only>(0.33,0.33,0.33)</only>
        </li>
        <li>
          <weight>10</weight>
          <only>(0.65,0.65,0.65)</only>
        </li>
        <li>
          <weight>6</weight>
          <min>(0.3,0.3,0.3)</min>
          <max>(0.5,0.5,0.5)</max>
        </li>
      </options>
    </colorGenerator>
  </ThingDef>
  
</Defs>
