<?xml version="1.0" encoding="utf-8" ?>
<Defs>

  <ThingDef ParentName="ResourceBase">
    <defName>ZhthyhlSkull</defName>
    <label>Zhthy'hl skull</label>
    <thingClass>ThingWithComps</thingClass>
    <description>A golden skull, the faint scent of Chaos lingers around it. Be careful when using it.</description>
    <graphicData>
      <texPath>Things/Item/Misc/ZhthyhlSkull</texPath>
      <graphicClass>Graphic_Single</graphicClass>
      <drawSize>(1.2)</drawSize>
    </graphicData>
    <techLevel>Neolithic</techLevel>
    <thingCategories>
      <li>Artifacts</li>
    </thingCategories>
    <tradeTags>
      <li>Artifact</li>
    </tradeTags>
    <resourceReadoutPriority>Middle</resourceReadoutPriority>
    <stackLimit>1</stackLimit>
    <tradeNeverStack>true</tradeNeverStack>
    <useHitPoints>true</useHitPoints>
    <statBases>
      <MarketValue>700</MarketValue>
      <MaxHitPoints>120</MaxHitPoints>
      <Mass>1</Mass>
    </statBases>
    <comps>
      <li Class="CompProperties_Usable">
        <useJob>UseItem</useJob>
        <useLabel>Summon</useLabel>
        <useDuration>500</useDuration>
      </li>
      <li Class="CompProperties_UseEffect">
        <compClass>CompUseEffect_DestroySelf</compClass>
      </li>
      <li Class="Zhthyhl.CompProperties_SpawnPawn">
        <compClass>Zhthyhl.CompUseEffect_SpawnPawn</compClass>
        <pawnKind>ZhthyhlBase</pawnKind>
        <forcedFaction>ZhthyhlSummoned</forcedFaction>
      </li>
    </comps>
    <drawGUIOverlay>false</drawGUIOverlay>
  </ThingDef>

  <ThingDef ParentName="ResourceVerbBase">
    <defName>BaalrukhHorn</defName>
    <label>Baalrukh horn</label>
    <description>A Baalrukh's horn. You can sell it, should fetch a good prize or you can use it to harness a single blast of a Baalrukhs flame.</description>
    <tickerType>Normal</tickerType>
    <graphicData>
      <texPath>Things/Item/Misc/BaalrukhHorn</texPath>
      <graphicClass>Graphic_Single</graphicClass>
    </graphicData>
    <statBases>
      <MarketValue>599</MarketValue>
      <Mass>5</Mass>
      <RangedWeapon_Cooldown>5</RangedWeapon_Cooldown>
    </statBases>
    <techLevel>Spacer</techLevel>
    <weaponTags>
      <li>BaalrukhHornSingle</li>
    </weaponTags>
    <tradeTags>
      <li>ExoticMisc</li>
    </tradeTags>
    <thingCategories>
      <li>Items</li>
    </thingCategories>
    <thingSetMakerTags>
      <li>SingleUseWeapon</li>
      <li>AnimalPart</li>
    </thingSetMakerTags>
    <verbs>
      <li>
        <verbClass>Verb_ShootOneUse</verbClass>
        <hasStandardCommand>true</hasStandardCommand>
        <defaultProjectile>BaalrukhBullet_FireHorn</defaultProjectile>
        <forcedMissRadius>2.9</forcedMissRadius>
        <warmupTime>3</warmupTime>
        <ai_AvoidFriendlyFireRadius>5</ai_AvoidFriendlyFireRadius>
        <range>32.9</range>
        <soundCast>InfernoCannon_Fire</soundCast>
        <soundCastTail>GunTail_Heavy</soundCastTail>
        <onlyManualCast>true</onlyManualCast>
        <targetParams>
          <canTargetLocations>true</canTargetLocations>
        </targetParams>
        <muzzleFlashScale>14</muzzleFlashScale>
      </li>
    </verbs>
    <tools>
      <li>
        <label>horn</label>
        <capacities>
          <li>Blunt</li>
        </capacities>
        <power>11.7</power>
        <cooldownTime>2.6</cooldownTime>
      </li>
    </tools>
  </ThingDef>
  <ThingDef ParentName="BaseBullet">
    <defName>BaalrukhBullet_FireHorn</defName>
    <label>Baalrukh fireball</label>
    <graphicData>
      <texPath>Things/Projectile/InfernoCannonShot</texPath>
      <graphicClass>Graphic_Single</graphicClass>
      <shaderType>TransparentPostLight</shaderType>
      <drawSize>(2.5, 2.5)</drawSize>
    </graphicData>
    <thingClass>Projectile_Explosive</thingClass>
    <projectile>
      <speed>35</speed>
      <damageDef>ZhthyhlFireBallHorn</damageDef>
      <explosionRadius>3.9</explosionRadius>
      <preExplosionSpawnChance>0.4</preExplosionSpawnChance>
      <ai_IsIncendiary>false</ai_IsIncendiary>
    </projectile>
  </ThingDef>

</Defs>
