﻿<?xml version="1.0" encoding="utf-8" ?>
<Defs>
  
  <AlienRace.ThingDef_AlienRace ParentName="BasePawn">
        <defName>Alien_Zhthyhl</defName>
        <label>Zhthy'hl</label>
        <description>Zhthy'hl a lesser daemon. They have a skeletal frame with blackened skin drawn tightly to it's bones. Despite their frail apparence, they are quite strong.</description>
    <alienRace>
      <generalSettings>
        <maleGenderProbability>0.5</maleGenderProbability>

        <forcedRaceTraitEntries>
          <li>
            <defName>Bloodlust</defName>
            <chance>5</chance>
          </li>
          <li>
            <defName>Greedy</defName>
            <chance>5</chance>
          </li>
          <li>
            <defName>Jealous</defName>
            <chance>5</chance>
          </li>
          <li>
            <defName>Abrasive</defName>
            <chance>5</chance>
          </li>
        </forcedRaceTraitEntries>

        <disallowedTraits>
          <li>
            <defName>BodyPurist</defName>
          </li>
          <li>
            <defName>Transhumanist</defName>
          </li>
          <li>
            <defName>Cannibal</defName>
          </li>
          <li>
            <defName>Kind</defName>
          </li>
          <li>
            <defName>Gourmand</defName>
          </li>
          <li>
            <defName>Psychopath</defName>
          </li>
          <li>
            <defName>Wimp</defName>
          </li>
          <li>
            <defName>DrugDesire</defName>
            <degree>-1</degree>
          </li>
        </disallowedTraits>

        <factionRelations>
          <li>
            <factions>
              <li MayRequire="Kompadt.Warhammer.Deathjacks">DeathjacksFaction</li>
            </factions>
            <goodwill>
              <min>-100</min>
              <max>-100</max>
            </goodwill>
          </li>
          <li>
            <factions>
              <li MayRequire="Kompadt.Warhammer.Skaven">EshinFaction</li>
            </factions>
            <goodwill>
              <min>-75</min>
              <max>-75</max>
            </goodwill>
          </li>
          <li>
            <factions>
              <li>TribeCivil</li>
            </factions>
            <goodwill>
              <min>-75</min>
              <max>-75</max>
            </goodwill>
          </li>
          <li>
            <factions>
              <li>OutlanderCivil</li>
            </factions>
            <goodwill>
              <min>-75</min>
              <max>-75</max>
            </goodwill>
          </li>
        </factionRelations>

        <humanRecipeImport>true</humanRecipeImport>
        <immuneToAge>true</immuneToAge>
        <maxDamageForSocialfight>50</maxDamageForSocialfight>
        <canLayDown>true</canLayDown>

        <!-- ================ Part Generator ========================== -->

        <alienPartGenerator>
          <headOffset>(0.0, 0.0)</headOffset>
          <customHeadDrawSize>(0.9, 0.9)</customHeadDrawSize>
          <aliencrowntypes>
            <li>Average_Normal</li>
            <li>Average_Pointy</li>
            <li>Average_Wide</li>
            <li>Narrow_Normal</li>
            <li>Narrow_Pointy</li>
          </aliencrowntypes>
          <alienbodytypes>
            <li>Female</li>
            <li>Male</li>
          </alienbodytypes>
          <useGenderedHeads>false</useGenderedHeads>
          <useGenderedBodies>false</useGenderedBodies>
          <bodyAddons>
          </bodyAddons>
          <colorChannels>
            <li>
              <name>skin</name>
              <first Class="ColorGenerator_Options">
                <options>
                  <li>
                    <weight>10</weight>
                    <only>RGBA(0.5,0.5,0.5,1)</only>
                  </li>
                  <li>
                    <weight>10</weight>
                    <only>RGBA(0.6,0.3,0.0,1)</only>
                  </li>
                </options>
              </first>
              <second Class="ColorGenerator_Options">
                <options>
                  <li>
                    <weight>5</weight>
                    <only>RGBA(1.0,1.0,1.0,1)</only>
                  </li>
                </options>
              </second>
            </li>
          </colorChannels>
        </alienPartGenerator>
      </generalSettings>

      <!-- ================ Graphic Path & Hair ========================== -->

      <graphicPaths>
        <li>
          <head>Things/Zhthyhl/Head/</head>
          <body>Things/Pawn/Zhthyhl/Bodies/</body>
        </li>
      </graphicPaths>

      <styleSettings>
        <li>
          <key>HairDef</key>
            <value>
              <hasStyle>false</hasStyle>
              <styleTags>
              </styleTags>
            </value>
        </li>
        <li>
        <key>BeardDef</key>
        <value>
            <hasStyle>true</hasStyle>
            <styleTags>
                <li>NoBeard</li>
            </styleTags>
        </value>
        </li>
        <li>
        <key>TattooDef</key>
        <value>
            <hasStyle>true</hasStyle>
            <styleTags>
                <li>NoTattoo</li>
            </styleTags>
        </value>
        </li>
        </styleSettings>

      <!-- ================ Thoughts ========================== -->

      <thoughtSettings>
        <replacerList>
            <li>
              <original>KnowColonistDied</original>
              <replacer>ZhthyhlKnowColonistDied</replacer>
            </li>
            <li>
              <original>MyDaughterDied</original>
              <replacer>ZhthyhlMyDaughterDied</replacer>
            </li>
            <li>
              <original>MySonDied</original>
              <replacer>ZhthyhlMySonDied</replacer>
            </li>
            <li>
              <original>MyHusbandDied</original>
              <replacer>ZhthyhlMyHusbandDied</replacer>
            </li>
            <li>
              <original>MyWifeDied</original>
              <replacer>ZhthyhlMyWifeDied</replacer>
            </li>
            <li>
              <original>MyLoverDied</original>
              <replacer>ZhthyhlMyLoverDied</replacer>
            </li>
            <li>
              <original>MyFianceeDied</original>
              <replacer>ZhthyhlMyFianceeDied</replacer>
            </li>
            <li>
              <original>MyFianceDied</original>
              <replacer>ZhthyhlMyFianceDied</replacer>
            </li>
            <li>
              <original>KnowColonistDied</original>
              <replacer>ZhthyhlKnowColonistDied</replacer>
            </li>
            <li>
              <original>PawnWithGoodOpinionDied</original>
              <replacer>ZhthyhlPawnWithGoodOpinionDied</replacer>
            </li>
            <li>
              <original>PawnWithBadOpinionDied</original>
              <replacer>ZhthyhlPawnWithBadOpinionDied</replacer>
            </li>
            <li>
              <original>MyBrotherDied</original>
              <replacer>ZhthyhlMyKinDied</replacer>
            </li>
            <li>
              <original>MySisterDied</original>
              <replacer>ZhthyhlMyKinDied</replacer>
            </li>
            <li>
              <original>MyGrandchildDied</original>
              <replacer>ZhthyhlMyKinDied</replacer>
            </li>
            <li>
              <original>MyFatherDied</original>
              <replacer>ZhthyhlMyKinDied</replacer>
            </li>
            <li>
              <original>MyMotherDied</original>
              <replacer>ZhthyhlMyKinDied</replacer>
            </li>
            <li>
              <original>MyNieceDied</original>
              <replacer>ZhthyhlMyKinDied</replacer>
            </li>
            <li>
              <original>MyNephewDied</original>
              <replacer>ZhthyhlMyKinDied</replacer>
            </li>
            <li>
              <original>MyHalfSiblingDied</original>
              <replacer>ZhthyhlMyKinDied</replacer>
            </li>
            <li>
              <original>MyAuntDied</original>
              <replacer>ZhthyhlMyKinDied</replacer>
            </li>
            <li>
              <original>MyUncleDied</original>
              <replacer>ZhthyhlMyKinDied</replacer>
            </li>
            <li>
              <original>MyGrandparentDied</original>
              <replacer>ZhthyhlMyKinDied</replacer>
            </li>
            <li>
              <original>MyCousinDied</original>
              <replacer>ZhthyhlMyKinDied</replacer>
            </li>
            <li>
              <original>MyKinDied</original>
              <replacer>ZhthyhlMyKinDied</replacer>
            </li>
            <li>
              <original>GotMarried</original>
              <replacer>ZhthyhlGotMarried</replacer>
            </li>
            <li>
              <original>AttendedWedding</original>
              <replacer>ZhthyhlAttendedWedding</replacer>
            </li>
            <li>
              <original>AttendedParty</original>
              <replacer>ZhthyhlAttendedParty</replacer>
            </li>
            <li>
              <original>SleepDisturbed</original>
              <replacer>ZhthyhlSleepDisturbed</replacer>
            </li>
            <li>
              <original>MyOrganHarvested</original>
              <replacer>ZhthyhlMyOrganHarvested</replacer>
            </li>
            <li>
              <original>WasImprisoned</original>
              <replacer>ZhthyhlWasImprisoned</replacer>
            </li>
            <li>
              <original>KnowBuriedInSarcophagus</original>
              <replacer>ZhthyhlKnowBuriedInSarcophagus</replacer>
            </li>
            <li>
              <original>WitnessedDeathFamily</original>
              <replacer>ZhthyhlWitnessedDeathFamily</replacer>
            </li>
            <li>
              <original>DefeatedHostileFactionLeader</original>
              <replacer>ZhthyhlDefeatedHostileFactionLeader</replacer>
            </li>
            <li>
              <original>InsultedMood</original>
              <replacer>ZhthyhlInsultedMood</replacer>
            </li>
            <li>
              <original>KindWordsMood</original>
              <replacer>ZhthyhlKindWordsMood</replacer>
            </li>
            <li>
              <original>RebuffedMyRomanceAttemptMood</original>
              <replacer>ZhthyhlRebuffedMyRomanceAttemptMood</replacer>
            </li>
            <li>
              <original>FailedRomanceAttemptOnMeLowOpinionMood</original>
              <replacer>ZhthyhlFailedRomanceAttemptOnMeLowOpinionMood</replacer>
            </li>
            <li>
              <original>BrokeUpWithMeMood</original>
              <replacer>ZhthyhlBrokeUpWithMeMood</replacer>
            </li>
            <li>
              <original>CheatedOnMeMood</original>
              <replacer>ZhthyhlCheatedOnMeMood</replacer>
            </li>
            <li>
              <original>DivorcedMeMood</original>
              <replacer>ZhthyhlDivorcedMeMood</replacer>
            </li>
            <li>
              <original>RejectedMyProposalMood</original>
              <replacer>ZhthyhlRejectedMyProposalMood</replacer>
            </li>
          <li>
            <original>BondedAnimalLost</original>
            <replacer>ZhthyhlBondedAnimalLost</replacer>
          </li>
        </replacerList>
        <cannotReceiveThoughts>
          <li>ColonistLost</li>
          <li>PawnWithGoodOpinionLost</li>
          <li>PawnWithBadOpinionLost</li>
          <li>MySonLost</li>
          <li>MyDaughterLost</li>
          <li>MyHusbandLost</li>
          <li>MyWifeLost</li>
          <li>MyFianceLost</li>
          <li>MyFianceeLost</li>
          <li>MyLoverLost</li>
          <li>MyBrotherLost</li>
          <li>MySisterLost</li>
          <li>MyGrandchildLost</li>
          <li>MyFatherLost</li>
          <li>MyMotherLost</li>
          <li>MyNieceLost</li>
          <li>MyNephewLost</li>
          <li>MyHalfSiblingLost</li>
          <li>MyAuntLost</li>
          <li>MyUncleLost</li>
          <li>MyGrandparentLost</li>
          <li>MyCousinLost</li>
          <li>MyKinLost</li>
          <li>Ugly</li>
          <li>Disfigured</li>
          <li>Incestuous</li>
          <li>NeedOutdoors</li>
          <li>NeedRoomSize</li>
          <li>KnowPrisonerSold</li>
          <li>KnowGuestOrganHarvested</li>
          <li>KnowColonistOrganHarvested</li>
          <li>EnvironmentDark</li>
          <li>Naked</li>
          <li>KnowGuestExecuted</li>
          <li>ButcheredHumanlikeCorpse</li>
          <li>KnowButcheredHumanlikeCorpse</li>
          <li>ObservedLayingCorpse</li>
          <li>ObservedLayingRottingCorpse</li>
          <li>PrisonerBanishedToDie</li>
          <li>HumanLeatherApparelSad</li>
          <li>HumanLeatherApparelHappy</li>
          <li>AteKibble</li>
          <li>AteRawFood</li>
          <li>AteCorpse</li>
          <li>AteHumanlikeMeatAsIngredient</li>
          <li>AteHumanlikeMeatDirect</li>
          <li>AteHumanlikeMeatDirectCannibal</li>
          <li>AteHumanlikeMeatAsIngredientCannibal</li>
          <li>AteInsectMeatDirect</li>
          <li>AteInsectMeatAsIngredient</li>
          <li>AteRottenFood</li>
          <li>ApparelDamaged</li>
          <li>DeadMansApparel</li>
          <li>KilledColonyAnimal</li>
          <li>KilledColonist</li>
          <li>ExecutedPrisoner</li>
          <li>SoldPrisoner</li>
          <li>AteRawHumanlikeMeat</li>
          <li>ButcheredHumanlikeCorpseOpinion</li>
          <li>KnowButcheredHumanlikeCorpse</li>
          <li>SleptInCold</li>
          <li>SleptOutside</li>
          <li>HumanLeatherApparelSad</li>
          <li>AteWithoutTable</li>
          <li>NeedBeauty</li>
          <li>RescuedRelative</li>
          <li>FailedToRescueRelative</li>
          <li>PrisonerBanishedToDie</li>
          <li>ColonistBanishedToDie</li>
          <li>ColonistBanished</li>
          <li>WitnessedDeathNonAlly</li>
          <li>WitnessedDeathAlly</li>
          <li MayRequire="Ludeon.RimWorld.Ideology">HAR_ButcheredAlien_Abhorrent</li>
          <li MayRequire="Ludeon.RimWorld.Ideology">HAR_ButcheredAlien_Know_Abhorrent</li>
          <li MayRequire="Ludeon.RimWorld.Ideology">HAR_ButcheredAlien_Know_Abhorrent_Opinion</li>
          <li MayRequire="Ludeon.RimWorld.Ideology">HAR_ButcheredAlien_Know_Disapproved_Opinion</li>
          <li MayRequire="Ludeon.RimWorld.Ideology">HAR_ButcheredAlien_Know_Disapproved</li>
          <li MayRequire="Ludeon.RimWorld.Ideology">HAR_ButcheredAlien_Disapproved</li>
          <li MayRequire="Ludeon.RimWorld.Ideology">HAR_AteAlienMeat_Know_Disapproved</li>
          <li MayRequire="Ludeon.RimWorld.Ideology">HAR_AteAlienMeat_Disapproved</li>
          <li MayRequire="Ludeon.RimWorld.Ideology">HAR_AteAlienMeat_Know_Abhorrent</li>
          <li MayRequire="Ludeon.RimWorld.Ideology">HAR_AteAlienMeat_Abhorrent</li>
        </cannotReceiveThoughts>
    </thoughtSettings>
    </alienRace>

    <!-- ================ Stats ========================== -->
    
        <statBases>
           <PsychicSensitivity>1.1</PsychicSensitivity>
           <PainShockThreshold>1</PainShockThreshold>
           <ImmunityGainSpeed>1.1</ImmunityGainSpeed>
           <GlobalLearningFactor>0.5</GlobalLearningFactor>
           <ToxicSensitivity>0.8</ToxicSensitivity>
           <MarketValue>1750</MarketValue>
           <MoveSpeed>4.8</MoveSpeed>
           <Flammability>0.25</Flammability>
           <ComfyTemperatureMin>5</ComfyTemperatureMin>
           <ComfyTemperatureMax>37</ComfyTemperatureMax>
           <LeatherAmount>50</LeatherAmount>
           <SmoothingSpeed>0.7</SmoothingSpeed>
           <ConstructionSpeed>0.7</ConstructionSpeed>
           <ResearchSpeed>0.3</ResearchSpeed>
           <MiningSpeed>1</MiningSpeed>
           <SocialImpact>0.6</SocialImpact>
			     <MeleeDodgeChance>1</MeleeDodgeChance>
          <ArmorRating_Blunt>0.20</ArmorRating_Blunt>
          <ArmorRating_Sharp>0.20</ArmorRating_Sharp>
          <ArmorRating_Heat>0.4</ArmorRating_Heat>
        </statBases>

    <!-- ================ Tools ========================== -->
    
		<tools>
      <li>
        <label>left claw</label>
        <capacities>
          <li>Scratch</li>
        </capacities>
        <power>8.2</power>
        <cooldownTime>2</cooldownTime>
        <linkedBodyPartsGroup>LeftHand</linkedBodyPartsGroup>
        <surpriseAttack>
          <extraMeleeDamages>
            <li>
              <def>Stun</def>
              <amount>14</amount>
            </li>
          </extraMeleeDamages>
        </surpriseAttack>
      </li>
      <li>
        <label>right claw</label>
        <capacities>
          <li>Scratch</li>
        </capacities>
        <power>8.2</power>
        <cooldownTime>2</cooldownTime>
        <linkedBodyPartsGroup>RightHand</linkedBodyPartsGroup>
        <surpriseAttack>
          <extraMeleeDamages>
            <li>
              <def>Stun</def>
              <amount>14</amount>
            </li>
          </extraMeleeDamages>
        </surpriseAttack>
      </li>
      <li>
        <label>teeth</label>
        <capacities>
          <li>Bite</li>
        </capacities>
        <power>8.2</power>
        <cooldownTime>2</cooldownTime>
        <linkedBodyPartsGroup>Teeth</linkedBodyPartsGroup>
        <chanceFactor>0.07</chanceFactor>
      </li>
      <li>
        <label>head</label>
        <capacities>
          <li>Blunt</li>
        </capacities>
        <power>7</power>
        <cooldownTime>2</cooldownTime>
        <linkedBodyPartsGroup>HeadAttackTool</linkedBodyPartsGroup>
        <ensureLinkedBodyPartsGroupAlwaysUsable>true</ensureLinkedBodyPartsGroupAlwaysUsable>
        <chanceFactor>0.2</chanceFactor>
      </li>
    </tools>

    <!-- ================ Race ========================== -->
      
      <race>
            <nameGenerator>NamerZhthyhl</nameGenerator>
            <thinkTreeMain>Humanlike</thinkTreeMain>
            <thinkTreeConstant>HumanlikeConstant</thinkTreeConstant>
            <intelligence>Humanlike</intelligence>
            <makesFootprints>true</makesFootprints>
            <lifeExpectancy>160</lifeExpectancy>
            <nameCategory>HumanStandard</nameCategory>
            <leatherDef>Leather_Plain</leatherDef>
            <body>Human</body>
            <baseBodySize>1.0</baseBodySize>
            <baseHealthScale>1.2</baseHealthScale>
            <foodType>OmnivoreHuman</foodType>
            <meatMarketValue>0.8</meatMarketValue>
            <manhunterOnDamageChance>0.9</manhunterOnDamageChance>
            <manhunterOnTameFailChance>0.5</manhunterOnTameFailChance>
        <gestationPeriodDays>45</gestationPeriodDays>
        <litterSizeCurve>
        <points>
          <li>(0.5, 0)</li>
          <li>(1, 1)</li>
          <li>(1.01, 0.02)</li>
          <li>(3.5, 0)</li>
        </points>
      </litterSizeCurve>
      <lifeStageAges>
        <li>
          <def>HumanlikeBaby</def>
          <minAge>0</minAge>
        </li>
        <li>
          <def>HumanlikeToddler</def>
          <minAge>1.1</minAge>
        </li>
        <li>
          <def>HumanlikeChild</def>
          <minAge>2</minAge>
        </li>
        <li>
          <def>HumanlikeTeenager</def>
          <minAge>13</minAge>
        </li>
        <li>
          <def>HumanlikeAdult</def>
          <minAge>18</minAge>
        </li>
      </lifeStageAges>
            <soundMeleeHitPawn>Pawn_Melee_Punch_HitPawn</soundMeleeHitPawn>
      <soundMeleeHitBuilding>Pawn_Melee_Punch_HitBuilding</soundMeleeHitBuilding>
      <soundMeleeMiss>Pawn_Melee_Punch_Miss</soundMeleeMiss>
      <specialShadowData>
        <volume>(0.3, 0.8, 0.4)</volume>
        <offset>(0,0,-0.3)</offset>
      </specialShadowData>
      <ageGenerationCurve>
        <points>
          <li>(14,0)</li>
          <li>(16,100)</li>
          <li>(50,100)</li>
          <li>(60,30)</li>
          <li>(70,18)</li>
          <li>(80,10)</li>
          <li>(90,3)</li>
          <li>(100,0)</li>
        </points>
      </ageGenerationCurve>
      <hediffGiverSets>
        <li>OrganicStandard</li>
        <li>Human</li>
      </hediffGiverSets>
       </race>
    <recipes>
      <li>InstallArchotechEye</li>
      <li>InstallArchotechArm</li>
      <li>InstallArchotechLeg</li>
      <li>InstallPowerClaw</li>
      <li>InstallBionicEye</li>
      <li>InstallBionicArm</li>
      <li>InstallBionicLeg</li>
      <li>InstallBionicSpine</li>
      <li>InstallBionicHeart</li>
      <li>InstallBionicStomach</li>
      <li>InstallBionicEar</li>
      <li>InstallSimpleProstheticArm</li>
      <li>InstallSimpleProstheticLeg</li>
      <li>InstallSimpleProstheticHeart</li>
      <li>InstallCochlearImplant</li>
      <li>InstallPegLeg</li>
      <li>InstallWoodenFoot</li>
      <li>InstallDenture</li>
      <li>InstallJoywire</li>
      <li>InstallPainstopper</li>
      <li>InstallNaturalHeart</li>
      <li>InstallNaturalLung</li>
      <li>InstallNaturalKidney</li>
      <li>InstallNaturalLiver</li>
      <li>ExciseCarcinoma</li>
      <li>AdministerMechSerumHealer</li>
      <li>RemoveBodyPart</li>
      <li>Euthanize</li>
      <li>Anesthetize</li>
    </recipes>
  </AlienRace.ThingDef_AlienRace>
</Defs>