﻿<?xml version="1.0" encoding="utf-8" ?>
<Defs>

  <!-- Baalrukh -->
  
  <HediffDef ParentName="ImplantHediffBase">
    <defName>BaalrukhPainStopper</defName>
    <label>Rage</label>
    <description>A mind full of rage.</description>
    <addedPartProps>
      <solid>true</solid>
      <betterThanNatural>false</betterThanNatural>
      <partEfficiency>1.0</partEfficiency>
    </addedPartProps>
    <stages>
      <li>
        <painFactor>0.4</painFactor>
      </li>
    </stages>
  </HediffDef>

  <ThingDef ParentName="BodyPartHiddenZhthyhl">
    <defName>BaalrukhBloodlust</defName>
    <label>rage</label>
    <description>Daemonic rage</description>
    <statBases>
      <MarketValue>100</MarketValue>
    </statBases>
    <techHediffsTags>
      <li>BaalrukhBloodlust</li>
    </techHediffsTags>
  </ThingDef>

  <RecipeDef ParentName="SurgeryFleshHiddenZhthyhl">
    <defName>InstallBaalrukhBloodlust</defName>
    <label>install bloodlust</label>
    <description>Install bloodlust.</description>
    <workerClass>Recipe_InstallImplant</workerClass>
    <jobString>Installing bloodlust.</jobString>
    <workAmount>10</workAmount>
    <deathOnFailedSurgeryChance>0.10</deathOnFailedSurgeryChance>
    <skillRequirements>
      <Medicine>1</Medicine>
    </skillRequirements>
    <ingredients>
      <li>
        <filter>
          <thingDefs>
            <li>BaalrukhBloodlust</li>
          </thingDefs>
        </filter>
        <count>1</count>
      </li>
    </ingredients>
    <fixedIngredientFilter>
      <thingDefs>
        <li>BaalrukhBloodlust</li>
      </thingDefs>
    </fixedIngredientFilter>
    <appliedOnFixedBodyParts>
      <li>Brain</li>
    </appliedOnFixedBodyParts>
    <addsHediff>BaalrukhPainStopper</addsHediff>
  </RecipeDef>


</Defs>
