<?xml version="1.0" encoding="utf-8" ?>
<Defs>

  <PawnKindDef Name="ZhthyhlBaseFaction" Abstract="True">
    <defaultFactionType>ZhthyhlSummoned</defaultFactionType>
    <race>Alien_Zhthyhl</race>
    <combatPower>35</combatPower>
    <baseRecruitDifficulty>0.6</baseRecruitDifficulty>
    <chemicalAddictionChance>0.10</chemicalAddictionChance>
    <invNutrition>1.55</invNutrition>
    <invFoodDef>Pemmican</invFoodDef>
    <apparelIgnoreSeasons>true</apparelIgnoreSeasons>
  </PawnKindDef>

  <PawnKindDef ParentName="ZhthyhlBaseFaction">
    <defName>ZhthyhlBase</defName>
    <label>conjured</label>
    <race>Alien_Zhthyhl</race>
    <baseRecruitDifficulty>0.5</baseRecruitDifficulty>
    <combatPower>35</combatPower>
    <backstoryFiltersOverride>
      <li>
        <categories>
          <li>Zhthyhl</li>
        </categories>
      </li>
    </backstoryFiltersOverride>
    <gearHealthRange>
      <min>0.5</min>
      <max>1.8</max>
    </gearHealthRange>
    <apparelMoney>
      <min>100</min>
      <max>500</max>
    </apparelMoney>
    <apparelTags>
      <li>ZhthyhlLow</li>
      <li>ZhthyhlMid</li>
    </apparelTags>
    <weaponMoney>
      <min>50</min>
      <max>400</max>
    </weaponMoney>
    <weaponTags>
      <li>MedievalMeleeDecent</li>
      <li>MedievalMeleeAdvanced</li>
      <li>NeolithicMeleeBasic</li>
    </weaponTags>
  </PawnKindDef>

  <PawnKindDef ParentName="ZhthyhlBaseFaction">
    <defName>ZhthyhlMelee</defName>
    <label>raider</label>
    <race>Alien_Zhthyhl</race>
    <baseRecruitDifficulty>0.5</baseRecruitDifficulty>
    <combatPower>65</combatPower>
    <itemQuality>Poor</itemQuality>
    <canBeSapper>true</canBeSapper>
    <gearHealthRange>
      <min>0.5</min>
      <max>1.8</max>
    </gearHealthRange>
    <apparelMoney>
      <min>200</min>
      <max>300</max>
    </apparelMoney>
    <apparelTags>
      <li>ZhthyhlLow</li>
    </apparelTags>
    <weaponMoney>
      <min>150</min>
      <max>150</max>
    </weaponMoney>
    <weaponTags>
      <li>NeolithicMeleeBasic</li>
    </weaponTags>
    <backstoryFiltersOverride>
      <li>
        <categories>
          <li>Zhthyhl</li>
        </categories>
      </li>
    </backstoryFiltersOverride>
  </PawnKindDef>

  <PawnKindDef ParentName="ZhthyhlBaseFaction">
    <defName>ZhthyhlArcher</defName>
    <label>hunter</label>
    <race>Alien_Zhthyhl</race>
    <baseRecruitDifficulty>0.5</baseRecruitDifficulty>
    <combatPower>60</combatPower>
    <backstoryFiltersOverride>
      <li>
        <categories>
          <li>Zhthyhl</li>
        </categories>
      </li>
    </backstoryFiltersOverride>
    <itemQuality>Poor</itemQuality>
    <gearHealthRange>
      <min>0.5</min>
      <max>1.8</max>
    </gearHealthRange>
    <apparelMoney>
      <min>180</min>
      <max>350</max>
    </apparelMoney>
    <apparelTags>
      <li>ZhthyhlLow</li>
    </apparelTags>
    <weaponMoney>
      <min>80</min>
      <max>120</max>
    </weaponMoney>
    <weaponTags>
      <li>NeolithicRangedBasic</li>
      <li>NeolithicRangedHeavy</li>
    </weaponTags>
    <techHediffsMoney>
      <min>50</min>
      <max>50</max>
    </techHediffsMoney>
    <techHediffsTags>
      <li>Poor</li>
    </techHediffsTags>
    <techHediffsChance>0.03</techHediffsChance>
  </PawnKindDef>

  <PawnKindDef ParentName="ZhthyhlBaseFaction">
    <defName>ZhthyhlMid</defName>
    <label>warrior</label>
    <race>Alien_Zhthyhl</race>
    <baseRecruitDifficulty>0.5</baseRecruitDifficulty>
    <combatPower>100</combatPower>
    <canBeSapper>true</canBeSapper>
    <backstoryFiltersOverride>
      <li>
        <categories>
          <li>Zhthyhl</li>
        </categories>
      </li>
    </backstoryFiltersOverride>
    <apparelRequired>
      <li>ZhthyhlMail</li>
    </apparelRequired>
    <weaponMoney>
      <min>300</min>
      <max>350</max>
    </weaponMoney>
    <weaponTags>
      <li>MedievalMeleeDecent</li>
      <li>MedievalMeleeAdvanced</li>
    </weaponTags>
  </PawnKindDef>
  
  <!-- scenario player -->

  <PawnKindDef ParentName="ZhthyhlBaseFaction">
    <defName>ZhthyhlPlayer</defName>
    <label>Zhthy'hl</label>
    <race>Alien_Zhthyhl</race>
    <backstoryFiltersOverride>
      <li>
        <categories>
          <li>Zhthyhl</li>
        </categories>
      </li>
    </backstoryFiltersOverride>
    <combatPower>30</combatPower>
    <chemicalAddictionChance>0.10</chemicalAddictionChance>
    <itemQuality>Poor</itemQuality>
    <gearHealthRange>
      <min>0.5</min>
      <max>1.8</max>
    </gearHealthRange>
    <apparelMoney>
      <min>50</min>
      <max>100</max>
    </apparelMoney>
    <apparelTags>
      <li>ZhthyhlLow</li>
    </apparelTags>
    <weaponMoney>
      <min>50</min>
      <max>75</max>
    </weaponMoney>
    <weaponTags>
      <li>NeolithicMeleeBasic</li>
    </weaponTags>
    <techHediffsMoney>
      <min>50</min>
      <max>50</max>
    </techHediffsMoney>
    <techHediffsTags>
      <li>Poor</li>
    </techHediffsTags>
    <techHediffsChance>0.03</techHediffsChance>
  </PawnKindDef>

  <!-- special spawn -->

  <PawnKindDef>
    <defName>ZhthyhlSpecial</defName>
    <label>Zhthy'hl</label>
    <race>Alien_Zhthyhl</race>
    <chemicalAddictionChance>0.10</chemicalAddictionChance>
    <baseRecruitDifficulty>0.5</baseRecruitDifficulty>
    <combatPower>45</combatPower>
    <itemQuality>Poor</itemQuality>
    <canBeSapper>true</canBeSapper>
    <gearHealthRange>
      <min>0.5</min>
      <max>1.8</max>
    </gearHealthRange>
    <apparelMoney>
      <min>200</min>
      <max>300</max>
    </apparelMoney>
    <apparelTags>
      <li>ZhthyhlLow</li>
    </apparelTags>
    <weaponMoney>
      <min>150</min>
      <max>150</max>
    </weaponMoney>
    <weaponTags>
      <li>NeolithicMeleeBasic</li>
    </weaponTags>
    <backstoryFiltersOverride>
      <li>
        <categories>
          <li>Zhthyhl</li>
        </categories>
      </li>
    </backstoryFiltersOverride>
  </PawnKindDef>
  
</Defs>
